Player,Team,Season,PTS,TRB,AST,STL,BLK,Predicted_PTS,Predicted_TRB,Predicted_AST,Predicted_STL,Predicted_BLK
A.J. Green,MIL,2025-26 Stats,10.4,2.7,1.9,0.5,0.1,7.8,2.4,1.9,0.6,0.2
A.J. Lawson,TOR,2025-26 Stats,4.2,1.8,0.3,0.5,0.2,4.7,2.2,0.7,0.5,0.2
AJ Johnson,2TM,2025-26 Stats,3.3,1.1,1.0,0.2,0.1,5.4,2.1,1.8,0.4,0.1
AJ Johnson,WAS,2025-26 Stats,2.8,1.2,0.9,0.3,0.0,5.3,2.2,1.2,0.3,0.1
AJ Johnson,DAL,2025-26 Stats,3.9,1.0,1.1,0.2,0.1,5.4,1.9,1.4,0.4,0.1
Aaron Gordon,DEN,2025-26 Stats,16.2,5.8,2.7,0.6,0.3,13.0,5.1,2.9,0.5,0.3
Aaron Holiday,HOU,2025-26 Stats,5.5,1.0,1.1,0.5,0.1,5.6,1.3,1.3,0.3,0.1
Aaron Nesmith,IND,2025-26 Stats,13.8,4.2,1.9,0.6,0.5,11.0,3.8,1.9,0.7,0.4
Aaron Wiggins,OKC,2025-26 Stats,9.4,3.1,1.7,0.9,0.4,9.1,2.9,1.5,0.8,0.3
Ace Bailey,UTA,2025-26 Stats,13.8,4.2,1.8,0.8,0.7,15.5,4.2,2.0,0.8,0.7
Adem Bona,PHI,2025-26 Stats,4.8,4.3,0.5,0.4,1.2,5.4,3.8,0.8,0.5,1.1
Adou Thiero,LAL,2025-26 Stats,1.9,1.1,0.4,0.3,0.1,4.5,3.0,0.8,0.4,0.2
Ajay Mitchell,OKC,2025-26 Stats,13.6,3.3,3.6,1.2,0.3,12.6,3.2,3.1,0.9,0.2
Al Horford,GSW,2025-26 Stats,8.3,4.9,2.6,0.7,1.1,6.7,4.4,2.0,0.5,0.7
Alex Caruso,OKC,2025-26 Stats,6.2,2.8,2.0,1.3,0.3,6.4,2.6,2.2,1.3,0.4
Alex Sarr,WAS,2025-26 Stats,16.3,7.4,2.7,0.8,2.0,17.9,7.4,2.7,0.8,1.8
Alijah Martin,TOR,2025-26 Stats,2.2,0.9,0.5,0.3,0.2,4.0,1.3,0.7,0.4,0.2
Alperen Şengün,HOU,2025-26 Stats,20.4,8.9,6.2,1.2,1.1,19.0,9.7,5.8,1.1,0.8
Amari Williams,BOS,2025-26 Stats,1.4,1.8,0.5,0.1,0.5,4.1,2.0,0.7,0.3,0.5
Amen Thompson,HOU,2025-26 Stats,18.3,7.8,5.3,1.5,0.6,18.2,8.2,5.3,1.4,0.7
Amir Coffey,2TM,2025-26 Stats,3.2,1.2,0.6,0.2,0.1,4.4,1.5,0.9,0.4,0.1
Amir Coffey,MIL,2025-26 Stats,2.4,0.9,0.4,0.1,0.1,4.7,1.3,0.7,0.4,0.1
Andre Drummond,PHI,2025-26 Stats,6.4,8.4,1.3,0.6,0.8,6.0,6.3,1.0,0.6,0.6
Andre Jackson Jr.,MIL,2025-26 Stats,2.4,1.5,0.9,0.4,0.1,4.1,1.8,1.1,0.4,0.1
Andrew Nembhard,IND,2025-26 Stats,16.9,2.8,7.7,0.9,0.1,14.2,2.7,5.9,0.9,0.2
Andrew Wiggins,MIA,2025-26 Stats,15.4,4.8,2.7,1.1,1.0,13.3,4.2,2.2,0.8,0.7
Anfernee Simons,2TM,2025-26 Stats,14.3,2.5,2.4,0.5,0.1,13.9,2.3,3.5,0.5,0.1
Anfernee Simons,BOS,2025-26 Stats,14.2,2.4,2.4,0.6,0.1,13.1,2.4,3.3,0.5,0.1
Anthony Black,ORL,2025-26 Stats,15.0,3.8,3.7,1.4,0.7,14.5,3.5,3.8,1.1,0.5
Anthony Davis,DAL,2025-26 Stats,20.4,11.1,2.8,1.1,1.7,20.3,10.9,3.0,1.0,2.0
Anthony Edwards,MIN,2025-26 Stats,28.8,5.0,3.7,1.4,0.8,26.6,4.8,4.6,1.3,0.7
Anthony Gill,WAS,2025-26 Stats,5.8,2.9,1.3,0.6,0.4,5.5,2.9,1.5,0.5,0.4
Ariel Hukporti,NYK,2025-26 Stats,2.2,2.9,0.5,0.2,0.5,3.5,3.4,0.6,0.2,0.6
Asa Newell,ATL,2025-26 Stats,5.2,2.2,0.6,0.4,0.3,6.4,3.5,0.9,0.5,0.4
Ausar Thompson,DET,2025-26 Stats,9.9,5.7,3.1,2.0,0.9,9.7,5.5,2.7,1.4,0.7
Austin Reaves,LAL,2025-26 Stats,23.3,4.7,5.5,1.1,0.4,22.1,4.2,5.4,1.1,0.4
Ayo Dosunmu,2TM,2025-26 Stats,14.8,3.4,3.6,0.8,0.3,14.0,3.1,3.2,0.8,0.3
Ayo Dosunmu,CHI,2025-26 Stats,15.0,3.0,3.6,0.8,0.3,15.0,3.0,3.7,0.8,0.3
Ayo Dosunmu,MIN,2025-26 Stats,14.4,4.2,3.5,1.0,0.3,14.1,3.8,3.6,0.8,0.3
Bam Adebayo,MIA,2025-26 Stats,20.1,10.0,3.2,1.2,0.7,18.2,9.9,3.6,1.1,0.7
Baylor Scheierman,BOS,2025-26 Stats,5.5,3.5,1.5,0.5,0.1,6.4,3.3,1.3,0.5,0.2
Ben Saraf,BRK,2025-26 Stats,7.5,2.1,3.3,0.9,0.2,7.4,2.2,3.8,0.8,0.2
Ben Sheppard,IND,2025-26 Stats,7.1,3.0,1.8,0.6,0.1,6.0,2.9,1.5,0.6,0.1
Bennedict Mathurin,2TM,2025-26 Stats,17.6,5.4,2.4,0.8,0.2,16.1,4.8,2.3,0.8,0.3
Bennedict Mathurin,IND,2025-26 Stats,17.8,5.4,2.3,0.6,0.1,16.6,4.9,2.6,0.7,0.2
Bennedict Mathurin,LAC,2025-26 Stats,17.4,5.5,2.5,1.0,0.3,16.8,4.9,2.3,0.7,0.3
Bilal Coulibaly,WAS,2025-26 Stats,11.7,4.3,2.6,1.3,1.0,12.0,4.2,2.9,1.1,0.7
Bismack Biyombo,SAS,2025-26 Stats,0.9,1.0,0.2,0.2,0.1,2.8,2.6,0.7,0.3,0.3
Blake Wesley,POR,2025-26 Stats,4.8,1.3,2.0,0.5,0.2,5.8,1.6,2.2,0.6,0.2
Bobby Portis,MIL,2025-26 Stats,13.7,6.4,1.6,0.6,0.2,11.0,5.7,1.6,0.6,0.3
Bogdan Bogdanović,LAC,2025-26 Stats,7.4,2.6,2.2,0.4,0.1,6.5,2.1,2.2,0.3,0.1
Bones Hyland,MIN,2025-26 Stats,8.5,1.8,2.6,0.6,0.2,8.5,1.8,2.3,0.7,0.2
Branden Carlson,OKC,2025-26 Stats,5.8,3.0,0.7,0.2,0.6,6.0,3.4,0.7,0.3,0.7
Brandin Podziemski,GSW,2025-26 Stats,13.8,5.1,3.7,1.1,0.2,14.1,4.9,3.5,1.1,0.2
Brandon Ingram,TOR,2025-26 Stats,21.5,5.6,3.7,0.8,0.7,19.8,4.7,4.3,0.8,0.6
Brandon Miller,CHO,2025-26 Stats,20.2,4.9,3.3,1.0,0.7,19.5,4.7,3.5,1.0,0.7
Brandon Williams,DAL,2025-26 Stats,13.0,2.9,3.9,0.9,0.3,10.4,2.5,3.1,0.7,0.2
Brice Sensabaugh,UTA,2025-26 Stats,14.9,3.1,1.9,0.7,0.2,15.2,3.0,1.9,0.6,0.2
Bronny James,LAL,2025-26 Stats,2.9,0.5,1.2,0.5,0.1,5.1,1.8,1.4,0.5,0.2
Brook Lopez,LAC,2025-26 Stats,8.5,3.6,1.3,0.6,1.2,8.7,3.5,1.5,0.5,1.5
Brooks Barnhizer,OKC,2025-26 Stats,1.7,2.0,0.6,0.3,0.1,3.4,2.4,0.8,0.3,0.2
Bruce Brown,DEN,2025-26 Stats,7.9,3.9,2.1,1.0,0.2,7.0,3.6,2.0,0.7,0.2
Bryce McGowens,NOP,2025-26 Stats,8.1,2.1,1.5,0.6,0.2,7.5,1.9,1.2,0.5,0.2
Bub Carrington,WAS,2025-26 Stats,10.7,3.4,4.6,0.6,0.2,11.4,3.4,4.4,0.7,0.3
Buddy Hield,2TM,2025-26 Stats,7.6,2.3,1.4,0.8,0.2,6.9,2.1,1.3,0.6,0.2
Buddy Hield,GSW,2025-26 Stats,8.0,2.5,1.5,0.8,0.2,6.1,2.1,1.2,0.6,0.2
CJ McCollum,2TM,2025-26 Stats,18.7,3.3,3.9,0.8,0.5,16.0,3.1,3.4,0.7,0.5
CJ McCollum,WAS,2025-26 Stats,18.8,3.5,3.6,0.7,0.3,15.4,3.2,3.4,0.7,0.4
CJ McCollum,ATL,2025-26 Stats,18.7,3.1,4.1,1.0,0.6,15.6,3.2,3.3,0.6,0.5
Cade Cunningham,DET,2025-26 Stats,23.9,5.5,9.9,1.4,0.8,24.6,5.3,9.3,1.3,0.8
Caleb Love,POR,2025-26 Stats,10.4,2.3,2.5,0.6,0.1,9.5,2.3,2.5,0.6,0.2
Caleb Martin,DAL,2025-26 Stats,3.9,2.5,1.4,0.7,0.3,3.7,2.4,1.4,0.7,0.3
Cam Christie,LAC,2025-26 Stats,2.8,1.4,0.6,0.3,0.1,5.0,2.8,0.9,0.4,0.3
Cam Spencer,MEM,2025-26 Stats,11.1,2.5,5.6,0.7,0.2,8.6,1.6,4.3,0.5,0.1
Cam Thomas,2TM,2025-26 Stats,13.5,1.7,2.6,0.2,0.1,13.6,2.0,2.7,0.4,0.1
Cam Thomas,BRK,2025-26 Stats,15.6,1.8,3.1,0.2,0.1,13.4,1.9,2.6,0.4,0.1
Cam Whitmore,WAS,2025-26 Stats,9.2,2.8,0.7,0.7,0.4,11.3,3.2,1.0,0.7,0.3
Cameron Johnson,DEN,2025-26 Stats,12.2,3.8,2.4,0.7,0.4,12.7,3.9,2.6,0.7,0.4
Cameron Payne,PHI,2025-26 Stats,7.4,2.0,2.6,1.1,0.3,6.3,1.5,2.4,0.6,0.2
Caris LeVert,DET,2025-26 Stats,7.4,2.0,2.7,0.9,0.7,6.7,1.9,2.6,0.6,0.5
Carter Bryant,SAS,2025-26 Stats,4.2,2.5,0.7,0.2,0.3,5.6,3.3,0.9,0.4,0.4
Cason Wallace,OKC,2025-26 Stats,8.6,3.1,2.6,1.9,0.4,9.6,3.1,2.6,1.5,0.4
Cedric Coward,MEM,2025-26 Stats,13.6,5.9,2.8,0.6,0.4,14.0,5.4,2.8,0.6,0.4
Chaz Lanier,DET,2025-26 Stats,2.4,0.7,0.5,0.2,0.0,4.3,1.8,0.7,0.3,0.1
Chet Holmgren,OKC,2025-26 Stats,17.1,8.9,1.7,0.6,1.9,17.0,8.3,1.7,0.7,1.9
Chris Youngblood,2TM,2025-26 Stats,2.1,0.8,0.4,0.1,0.1,4.1,1.8,0.7,0.3,0.4
Chris Youngblood,OKC,2025-26 Stats,2.0,0.9,0.3,0.1,0.1,4.2,1.9,0.7,0.3,0.4
Christian Braun,DEN,2025-26 Stats,12.0,4.8,2.7,0.7,0.3,11.8,4.5,2.8,0.8,0.3
Christian Koloko,3TM,2025-26 Stats,2.7,3.0,0.7,0.5,0.9,3.4,3.5,0.8,0.4,0.9
Clint Capela,HOU,2025-26 Stats,3.8,4.6,0.7,0.5,0.8,3.8,4.7,0.8,0.4,0.8
Coby White,2TM,2025-26 Stats,17.4,3.4,4.0,0.5,0.1,16.8,3.0,4.1,0.5,0.1
Coby White,CHI,2025-26 Stats,18.6,3.7,4.7,0.7,0.1,17.4,3.7,4.1,0.6,0.2
Coby White,CHO,2025-26 Stats,15.6,3.0,3.0,0.2,0.1,15.3,2.7,3.3,0.4,0.1
Cody Williams,UTA,2025-26 Stats,8.8,3.0,2.0,0.8,0.4,9.1,3.2,2.0,0.7,0.3
Cole Anthony,MIL,2025-26 Stats,6.7,2.5,3.5,0.6,0.3,6.5,2.5,3.2,0.6,0.3
Collin Gillespie,PHO,2025-26 Stats,12.7,4.1,4.6,1.2,0.2,8.2,3.0,3.9,0.9,0.3
Collin Murray-Boyles,TOR,2025-26 Stats,8.5,5.0,1.9,0.9,0.9,8.7,4.7,2.1,0.8,0.8
Collin Sexton,2TM,2025-26 Stats,15.4,2.3,3.3,1.1,0.1,13.6,2.3,3.7,0.8,0.1
Collin Sexton,CHO,2025-26 Stats,14.2,1.9,3.7,0.9,0.2,13.3,2.0,3.1,0.9,0.2
Collin Sexton,CHI,2025-26 Stats,17.5,2.9,2.5,1.5,0.1,16.6,2.8,3.3,1.0,0.2
Cooper Flagg,DAL,2025-26 Stats,21.0,6.7,4.5,1.2,0.9,22.6,6.6,5.6,1.2,0.8
Corey Kispert,2TM,2025-26 Stats,9.2,2.3,1.6,0.3,0.2,8.7,2.2,1.5,0.3,0.2
Corey Kispert,ATL,2025-26 Stats,9.2,2.3,1.5,0.2,0.2,9.8,2.3,1.5,0.4,0.2
Craig Porter Jr.,CLE,2025-26 Stats,4.5,3.4,3.2,0.9,0.6,5.0,3.0,2.8,0.7,0.5
D'Angelo Russell,DAL,2025-26 Stats,10.2,2.3,4.0,0.5,0.1,9.4,2.2,3.4,0.5,0.2
DaRon Holmes,DEN,2025-26 Stats,3.7,1.4,0.6,0.0,0.2,5.3,2.0,0.8,0.2,0.2
Daeqwon Plowden,SAC,2025-26 Stats,10.8,3.0,1.3,0.7,0.2,9.8,3.1,1.4,0.7,0.2
Dalen Terry,2TM,2025-26 Stats,3.7,1.8,1.4,0.6,0.3,5.0,2.0,1.4,0.6,0.2
Dalen Terry,CHI,2025-26 Stats,3.5,1.9,1.3,0.6,0.3,4.7,2.1,1.6,0.6,0.3
Dalton Knecht,LAL,2025-26 Stats,4.2,1.4,0.4,0.2,0.2,5.2,1.8,0.6,0.3,0.1
Daniel Gafford,DAL,2025-26 Stats,9.5,6.9,1.1,0.8,1.3,8.8,6.9,1.2,0.6,1.6
Daniss Jenkins,DET,2025-26 Stats,9.3,2.3,3.9,0.9,0.2,9.2,2.5,3.3,0.8,0.2
Danny Wolf,BRK,2025-26 Stats,8.9,4.9,2.2,0.5,0.6,9.2,5.0,2.4,0.5,0.6
Darius Garland,2TM,2025-26 Stats,18.8,2.4,6.7,1.0,0.2,18.0,2.5,6.5,1.1,0.2
Darius Garland,CLE,2025-26 Stats,18.0,2.4,6.9,0.8,0.1,17.9,2.5,6.3,0.9,0.2
Davion Mitchell,MIA,2025-26 Stats,9.3,2.7,6.5,1.0,0.2,7.8,2.6,5.5,0.9,0.3
Day'Ron Sharpe,BRK,2025-26 Stats,8.7,6.7,2.3,1.1,0.4,7.4,6.3,2.1,0.9,0.5
De'Aaron Fox,SAS,2025-26 Stats,18.6,3.8,6.2,1.2,0.3,18.1,3.5,6.1,1.2,0.3
De'Andre Hunter,2TM,2025-26 Stats,13.7,4.1,2.0,0.7,0.1,12.3,4.0,1.6,0.6,0.2
De'Andre Hunter,CLE,2025-26 Stats,14.0,4.2,2.1,0.7,0.1,12.4,4.0,1.8,0.6,0.1
De'Anthony Melton,GSW,2025-26 Stats,12.3,3.2,2.6,1.6,0.4,9.7,2.9,2.7,1.3,0.4
DeMar DeRozan,SAC,2025-26 Stats,18.4,2.9,4.1,1.0,0.3,17.3,2.5,3.7,0.8,0.4
Dean Wade,CLE,2025-26 Stats,5.8,4.2,1.5,0.7,0.4,5.2,4.0,1.1,0.6,0.3
Deandre Ayton,LAL,2025-26 Stats,12.5,8.0,0.8,0.6,1.0,11.7,8.5,1.1,0.7,0.9
Deni Avdija,POR,2025-26 Stats,24.2,6.9,6.7,0.8,0.6,23.1,6.7,6.8,0.9,0.5
Dennis Schröder,2TM,2025-26 Stats,10.8,2.7,4.9,0.8,0.2,9.7,2.4,4.3,0.5,0.2
Dennis Schröder,SAC,2025-26 Stats,12.8,3.1,5.3,0.8,0.2,8.8,2.5,4.0,0.6,0.2
Dennis Schröder,CLE,2025-26 Stats,8.2,2.3,4.3,0.8,0.2,7.8,2.1,3.7,0.6,0.2
Derik Queen,NOP,2025-26 Stats,11.7,7.1,3.7,1.0,0.9,12.5,6.9,4.0,0.9,0.8
Derrick Jones Jr.,LAC,2025-26 Stats,10.1,3.5,1.4,0.9,1.0,9.2,3.0,1.2,0.8,0.7
Derrick White,BOS,2025-26 Stats,16.5,4.4,5.4,1.1,1.3,14.5,4.2,5.1,0.8,1.1
Desmond Bane,ORL,2025-26 Stats,20.1,4.1,4.1,1.0,0.5,18.5,4.3,4.3,1.1,0.5
Devin Booker,PHO,2025-26 Stats,26.1,3.9,6.0,0.8,0.3,23.5,3.7,6.1,0.9,0.3
Devin Carter,SAC,2025-26 Stats,8.9,3.3,2.7,0.9,0.2,7.0,3.2,2.5,0.8,0.2
Devin Vassell,SAS,2025-26 Stats,13.9,4.0,2.5,0.9,0.4,12.9,4.2,3.2,1.0,0.4
Dillon Brooks,PHO,2025-26 Stats,20.2,3.6,1.8,1.0,0.2,16.4,3.5,1.5,0.8,0.2
Dominick Barlow,PHI,2025-26 Stats,7.7,4.8,1.2,0.9,0.7,4.4,2.8,1.0,0.6,0.5
Donovan Clingan,POR,2025-26 Stats,12.1,11.6,2.1,0.6,1.7,11.7,9.4,2.3,0.6,1.4
Donovan Mitchell,CLE,2025-26 Stats,27.9,4.5,5.7,1.5,0.3,25.6,4.2,4.5,1.4,0.3
Donte DiVincenzo,MIN,2025-26 Stats,12.2,4.1,3.8,1.3,0.4,10.3,3.8,3.3,1.0,0.3
Dorian Finney-Smith,HOU,2025-26 Stats,3.3,2.5,1.0,0.4,0.2,4.9,2.7,1.1,0.4,0.2
Doug McDermott,SAC,2025-26 Stats,5.7,1.3,0.8,0.2,0.1,5.4,1.0,0.6,0.2,0.1
Drake Powell,BRK,2025-26 Stats,6.5,1.8,1.4,0.6,0.2,7.4,2.2,1.5,0.6,0.3
Draymond Green,GSW,2025-26 Stats,8.4,5.5,5.5,0.9,0.6,7.5,5.1,4.5,0.9,0.7
Drew Eubanks,SAC,2025-26 Stats,5.2,3.0,0.5,0.4,0.6,4.3,3.4,0.6,0.3,0.6
Drew Timme,LAL,2025-26 Stats,3.4,1.2,0.9,0.2,0.0,4.3,1.7,1.0,0.3,0.1
Dru Smith,MIA,2025-26 Stats,5.6,2.5,2.6,1.4,0.3,6.4,2.8,2.5,1.2,0.3
Duncan Robinson,DET,2025-26 Stats,12.2,2.7,2.1,0.6,0.3,9.4,2.3,2.0,0.4,0.2
Duop Reath,POR,2025-26 Stats,2.9,1.2,0.3,0.2,0.3,4.3,1.7,0.6,0.3,0.3
Dwight Powell,DAL,2025-26 Stats,3.3,4.1,1.1,0.5,0.3,3.3,3.4,0.9,0.3,0.3
Dylan Cardwell,SAC,2025-26 Stats,5.4,7.5,1.4,0.7,1.5,5.8,7.3,1.4,0.7,1.7
Dylan Harper,SAS,2025-26 Stats,11.8,3.4,3.9,0.8,0.3,12.3,3.4,3.7,0.7,0.3
Dyson Daniels,ATL,2025-26 Stats,11.9,6.8,5.9,2.0,0.4,10.7,6.4,5.8,1.5,0.4
E.J. Liddell,BRK,2025-26 Stats,5.7,2.7,0.9,0.2,0.4,7.6,3.1,1.0,0.3,0.4
Egor Dёmin,BRK,2025-26 Stats,10.3,3.2,3.3,0.8,0.3,10.6,3.1,3.6,0.7,0.3
Elijah Harkless,UTA,2025-26 Stats,6.8,2.0,2.9,1.2,0.2,6.9,2.0,2.6,1.1,0.2
Ethan Thompson,IND,2025-26 Stats,7.0,2.2,1.8,0.6,0.3,6.7,2.0,1.6,0.6,0.3
Evan Mobley,CLE,2025-26 Stats,18.2,9.0,3.6,0.7,1.7,16.8,9.8,3.4,0.8,1.3
Franz Wagner,ORL,2025-26 Stats,20.6,5.2,3.3,0.9,0.3,21.0,4.9,3.3,1.0,0.3
GG Jackson II,MEM,2025-26 Stats,12.5,4.3,1.5,0.6,0.8,13.0,4.0,1.3,0.5,0.6
Gabe Vincent,2TM,2025-26 Stats,4.4,1.0,1.4,0.5,0.1,4.7,1.2,1.4,0.5,0.1
Gabe Vincent,LAL,2025-26 Stats,4.8,0.9,1.3,0.5,0.0,5.4,1.1,1.3,0.5,0.1
Gabe Vincent,ATL,2025-26 Stats,3.9,1.1,1.6,0.5,0.1,4.3,1.2,1.4,0.5,0.1
Garrett Temple,TOR,2025-26 Stats,0.8,0.4,0.4,0.2,0.1,2.4,1.5,1.0,0.4,0.4
Gary Harris,MIL,2025-26 Stats,2.7,1.3,1.1,0.6,0.2,3.9,1.5,0.9,0.4,0.2
Gary Payton II,GSW,2025-26 Stats,7.5,3.6,1.7,0.9,0.3,5.5,2.7,1.2,0.6,0.3
Gary Trent Jr.,MIL,2025-26 Stats,8.1,1.0,1.2,0.5,0.0,8.8,1.6,1.2,0.7,0.1
Giannis Antetokounmpo,MIL,2025-26 Stats,27.6,9.8,5.4,0.9,0.7,26.9,9.2,5.5,0.8,0.7
Goga Bitadze,ORL,2025-26 Stats,5.9,5.0,1.3,0.6,1.0,5.3,4.5,1.4,0.6,0.9
Gradey Dick,TOR,2025-26 Stats,6.0,1.9,0.7,0.6,0.1,8.7,2.2,1.0,0.7,0.1
Grant Williams,CHO,2025-26 Stats,7.0,3.9,1.6,0.5,0.5,6.9,3.7,1.8,0.5,0.4
Grayson Allen,PHO,2025-26 Stats,16.5,3.0,3.8,1.4,0.3,12.4,2.9,2.6,0.9,0.3
Guerschon Yabusele,2TM,2025-26 Stats,5.6,3.5,0.9,0.4,0.2,6.2,3.4,1.0,0.4,0.2
Guerschon Yabusele,NYK,2025-26 Stats,2.7,2.1,0.4,0.1,0.1,3.7,2.2,0.8,0.2,0.1
Guerschon Yabusele,CHI,2025-26 Stats,10.0,5.7,1.7,0.8,0.4,4.2,3.3,1.1,0.4,0.3
Gui Santos,GSW,2025-26 Stats,9.2,3.9,2.3,0.9,0.3,8.3,3.6,2.1,0.7,0.3
Harrison Barnes,SAS,2025-26 Stats,9.9,2.8,1.9,0.6,0.2,9.9,3.2,1.5,0.5,0.2
Herbert Jones,NOP,2025-26 Stats,8.9,3.4,2.8,1.6,0.5,9.1,3.2,2.9,1.4,0.5
Hugo González,BOS,2025-26 Stats,3.9,3.3,0.5,0.6,0.3,5.7,3.3,0.8,0.5,0.3
Hunter Tyson,DEN,2025-26 Stats,2.2,1.7,0.8,0.1,0.0,3.8,2.3,0.8,0.2,0.1
Immanuel Quickley,TOR,2025-26 Stats,16.4,4.0,5.9,1.3,0.1,16.7,3.8,5.6,0.9,0.2
Isaac Okoro,CHI,2025-26 Stats,9.3,2.7,1.6,0.7,0.5,8.8,2.8,1.4,0.6,0.4
Isaiah Collier,UTA,2025-26 Stats,11.7,2.5,7.2,1.1,0.3,11.8,2.7,5.8,1.0,0.2
Isaiah Hartenstein,OKC,2025-26 Stats,9.2,9.4,3.5,1.0,0.8,7.5,7.6,3.3,0.7,0.8
Isaiah Jackson,2TM,2025-26 Stats,6.7,5.3,0.9,0.7,0.9,5.8,4.3,0.9,0.6,1.0
Isaiah Jackson,IND,2025-26 Stats,6.4,5.6,0.8,0.7,0.8,6.5,5.5,1.0,0.7,0.7
Isaiah Joe,OKC,2025-26 Stats,11.1,2.5,1.3,0.7,0.2,9.7,2.4,1.4,0.7,0.2
Isaiah Livers,PHO,2025-26 Stats,1.8,1.7,0.6,0.4,0.2,3.5,2.0,0.8,0.5,0.2
Isaiah Stewart,DET,2025-26 Stats,10.0,5.0,1.1,0.3,1.6,8.0,5.0,1.3,0.4,1.3
Ivica Zubac,2TM,2025-26 Stats,14.1,10.6,2.2,0.4,0.8,12.3,10.6,2.1,0.5,0.9
Ivica Zubac,LAC,2025-26 Stats,14.4,11.0,2.2,0.4,0.8,13.8,11.0,2.2,0.4,0.8
JD Davison,HOU,2025-26 Stats,2.5,1.2,1.3,0.2,0.2,4.3,1.9,1.5,0.3,0.3
Ja Morant,MEM,2025-26 Stats,19.5,3.3,8.1,1.0,0.3,18.9,3.3,7.3,1.1,0.3
Ja'Kobe Walter,TOR,2025-26 Stats,7.5,2.6,1.2,1.0,0.2,9.3,3.0,1.5,0.9,0.2
Jabari Smith Jr.,HOU,2025-26 Stats,15.8,6.9,1.9,0.7,0.9,16.1,6.8,2.0,0.7,0.7
Jabari Walker,PHI,2025-26 Stats,4.3,3.0,0.5,0.4,0.2,5.6,3.9,0.7,0.5,0.1
Jaden Hardy,2TM,2025-26 Stats,9.2,1.5,1.0,0.3,0.1,9.7,1.7,1.3,0.4,0.1
Jaden Hardy,DAL,2025-26 Stats,6.9,1.4,0.9,0.3,0.1,7.9,1.7,1.0,0.4,0.1
Jaden Hardy,WAS,2025-26 Stats,12.6,1.7,1.3,0.3,0.2,9.5,1.6,1.1,0.4,0.2
Jaden Ivey,2TM,2025-26 Stats,8.5,2.5,1.8,0.6,0.4,9.1,2.8,2.5,0.6,0.4
Jaden Ivey,DET,2025-26 Stats,8.2,2.2,1.6,0.5,0.4,9.1,2.3,2.1,0.6,0.4
Jaden McDaniels,MIN,2025-26 Stats,14.8,4.2,2.7,1.1,1.0,14.0,4.4,2.5,1.1,0.8
Jae'Sean Tate,HOU,2025-26 Stats,2.8,1.6,0.5,0.2,0.1,3.8,2.3,0.8,0.4,0.1
Jahmai Mashack,MEM,2025-26 Stats,6.2,2.6,2.2,1.2,0.5,6.0,2.7,2.3,1.1,0.5
Jaime Jaquez Jr.,MIA,2025-26 Stats,15.4,5.0,4.7,0.7,0.3,14.2,4.4,4.3,0.8,0.3
Jake LaRavia,LAL,2025-26 Stats,8.2,4.0,1.8,1.3,0.5,7.7,3.8,1.9,0.9,0.4
Jakob Poeltl,TOR,2025-26 Stats,10.7,7.0,2.0,0.9,0.7,8.8,6.3,1.9,0.8,0.8
Jalen Brunson,NYK,2025-26 Stats,26.0,3.3,6.8,0.8,0.1,25.7,2.9,7.3,0.9,0.2
Jalen Duren,DET,2025-26 Stats,19.5,10.5,2.0,0.8,0.8,18.1,9.1,2.3,0.7,0.8
Jalen Green,PHO,2025-26 Stats,17.8,3.6,2.8,1.1,0.3,17.9,3.3,3.4,0.9,0.3
Jalen Johnson,ATL,2025-26 Stats,22.5,10.3,7.9,1.2,0.4,21.8,8.9,7.0,1.2,0.6
Jalen Pickett,DEN,2025-26 Stats,5.2,2.3,2.3,0.3,0.1,5.1,2.2,2.1,0.4,0.1
Jalen Smith,CHI,2025-26 Stats,10.2,6.7,1.2,0.5,0.8,8.9,5.5,1.2,0.4,0.6
Jalen Suggs,ORL,2025-26 Stats,13.8,3.9,5.5,1.8,0.7,13.0,3.7,4.4,1.3,0.7
Jalen Williams,OKC,2025-26 Stats,17.1,4.6,5.5,1.2,0.3,18.3,4.4,4.9,1.1,0.4
Jalen Wilson,BRK,2025-26 Stats,6.4,2.1,0.9,0.4,0.0,6.3,2.1,1.1,0.4,0.1
Jamal Cain,ORL,2025-26 Stats,5.4,2.0,0.7,0.3,0.1,6.7,2.4,0.7,0.4,0.1
Jamal Murray,DEN,2025-26 Stats,25.4,4.4,7.1,0.9,0.4,22.7,3.9,6.8,1.0,0.5
Jamal Shead,TOR,2025-26 Stats,6.6,1.7,5.4,0.9,0.2,6.6,2.0,5.5,0.8,0.2
Jamaree Bouyea,PHO,2025-26 Stats,5.7,1.8,1.8,0.6,0.3,6.8,2.0,1.6,0.5,0.3
James Harden,2TM,2025-26 Stats,23.6,4.8,8.0,1.1,0.4,21.7,4.6,8.4,1.0,0.6
James Harden,LAC,2025-26 Stats,25.4,4.8,8.1,1.3,0.4,23.1,4.3,8.0,1.0,0.5
James Harden,CLE,2025-26 Stats,20.5,4.8,7.7,0.8,0.5,20.8,4.4,7.5,0.9,0.6
Jamir Watkins,WAS,2025-26 Stats,7.4,3.9,1.3,1.1,0.5,7.0,3.9,1.4,1.0,0.5
Jamison Battle,TOR,2025-26 Stats,3.1,1.5,0.4,0.1,0.0,4.9,1.8,0.7,0.2,0.1
Jarace Walker,IND,2025-26 Stats,11.6,5.1,2.5,0.8,0.3,9.8,4.8,2.7,0.7,0.3
Jared McCain,2TM,2025-26 Stats,8.3,2.0,1.3,0.5,0.1,11.4,2.2,1.7,0.5,0.1
Jared McCain,PHI,2025-26 Stats,6.6,2.0,1.7,0.6,0.1,9.9,2.3,1.8,0.6,0.1
Jared McCain,OKC,2025-26 Stats,10.4,2.1,0.9,0.4,0.1,11.5,2.2,1.6,0.6,0.1
Jaren Jackson Jr.,2TM,2025-26 Stats,19.4,5.7,2.0,1.1,1.4,17.8,5.5,2.3,1.2,1.7
Jaren Jackson Jr.,MEM,2025-26 Stats,19.2,5.8,1.9,1.0,1.5,17.3,5.4,2.2,1.0,1.5
Jarred Vanderbilt,LAL,2025-26 Stats,4.4,4.5,1.3,0.8,0.3,4.5,4.5,1.3,0.9,0.3
Jarrett Allen,CLE,2025-26 Stats,15.4,8.5,1.8,1.0,0.8,13.8,8.7,1.5,0.8,0.8
Jase Richardson,ORL,2025-26 Stats,4.4,1.2,1.1,0.4,0.0,6.4,2.6,1.4,0.5,0.2
Javon Small,MEM,2025-26 Stats,9.7,3.1,3.7,0.8,0.2,10.9,3.1,3.2,0.7,0.2
Javonte Green,DET,2025-26 Stats,6.9,2.8,0.7,1.2,0.3,5.5,2.8,0.7,0.9,0.3
Jaxson Hayes,LAL,2025-26 Stats,7.5,4.1,0.9,0.4,0.8,6.3,4.0,1.0,0.6,0.7
Jay Huff,IND,2025-26 Stats,9.5,4.0,1.5,0.5,1.9,8.5,4.2,1.4,0.5,1.3
Jaylen Brown,BOS,2025-26 Stats,28.7,6.9,5.1,1.0,0.4,25.0,6.1,4.6,1.1,0.4
Jaylen Clark,MIN,2025-26 Stats,4.0,1.8,0.6,0.7,0.1,4.6,2.7,0.8,0.7,0.1
Jaylen Wells,MEM,2025-26 Stats,12.5,3.2,1.6,0.9,0.1,11.8,3.2,1.6,0.8,0.1
Jaylin Williams,OKC,2025-26 Stats,7.2,5.5,2.4,0.5,0.6,6.3,5.0,2.3,0.5,0.5
Jaylon Tyson,CLE,2025-26 Stats,13.2,5.1,2.2,0.8,0.4,10.8,4.1,1.8,0.6,0.4
Jeff Green,HOU,2025-26 Stats,2.2,0.8,0.3,0.1,0.1,3.4,1.2,0.6,0.2,0.2
Jerami Grant,POR,2025-26 Stats,18.6,3.5,2.1,0.7,0.6,14.8,3.2,1.9,0.7,0.6
Jeremiah Fears,NOP,2025-26 Stats,14.3,3.7,3.4,1.2,0.4,16.0,3.8,4.0,1.1,0.4
Jeremiah Robinson-Earl,2TM,2025-26 Stats,4.6,4.7,0.7,0.4,0.0,5.5,4.3,0.9,0.5,0.1
Jeremy Sochan,2TM,2025-26 Stats,3.6,2.4,0.9,0.4,0.2,5.7,4.1,1.2,0.6,0.3
Jeremy Sochan,SAS,2025-26 Stats,4.1,2.6,1.0,0.4,0.2,5.1,3.6,1.2,0.5,0.2
Jericho Sims,MIL,2025-26 Stats,5.0,5.5,1.6,0.3,0.3,5.5,5.2,1.1,0.4,0.4
Jett Howard,ORL,2025-26 Stats,5.5,1.6,0.8,0.2,0.2,7.2,2.0,0.8,0.3,0.2
Jevon Carter,2TM,2025-26 Stats,6.4,1.7,1.6,0.8,0.2,5.4,1.4,1.3,0.5,0.2
Jevon Carter,CHI,2025-26 Stats,5.4,1.1,0.8,0.6,0.1,5.3,1.3,1.1,0.6,0.1
Jevon Carter,ORL,2025-26 Stats,7.2,2.1,2.3,0.9,0.3,4.9,1.6,2.1,0.6,0.3
Jimmy Butler,GSW,2025-26 Stats,20.0,5.6,4.9,1.4,0.2,16.7,4.7,5.6,1.2,0.3
Joan Beringer,MIN,2025-26 Stats,3.9,2.3,0.3,0.2,0.7,6.5,4.0,0.8,0.4,0.9
Jock Landale,2TM,2025-26 Stats,10.6,5.7,1.7,0.5,0.5,6.8,4.5,1.6,0.4,0.5
Jock Landale,MEM,2025-26 Stats,11.3,6.5,1.7,0.6,0.5,8.8,5.1,1.6,0.5,0.4
Jock Landale,ATL,2025-26 Stats,9.1,4.1,1.7,0.4,0.6,7.3,3.5,1.5,0.4,0.4
Joe Ingles,MIN,2025-26 Stats,1.5,0.7,1.3,0.3,0.1,2.4,1.9,1.8,0.4,0.1
Joel Embiid,PHI,2025-26 Stats,26.9,7.7,3.9,0.6,1.2,27.0,8.5,3.8,0.8,1.3
John Collins,LAC,2025-26 Stats,13.6,5.3,1.0,0.9,0.7,11.9,5.4,1.1,0.8,0.9
John Konchar,2TM,2025-26 Stats,4.4,4.3,2.1,1.5,0.7,3.8,3.5,1.8,1.2,0.6
John Konchar,MEM,2025-26 Stats,3.2,3.1,1.3,1.0,0.4,3.7,2.9,1.3,0.9,0.4
John Konchar,UTA,2025-26 Stats,5.9,5.7,3.0,2.0,1.0,5.4,4.5,2.3,1.1,0.6
Johnny Furphy,IND,2025-26 Stats,5.1,4.4,1.2,0.6,0.2,7.8,5.3,1.6,0.6,0.3
Johnny Juzang,MIN,2025-26 Stats,2.0,0.8,0.3,0.1,0.0,4.1,1.9,0.8,0.4,0.3
Jonas Valančiūnas,DEN,2025-26 Stats,8.7,5.1,1.2,0.2,0.6,7.3,5.6,1.5,0.3,0.5
Jonathan Isaac,ORL,2025-26 Stats,2.6,2.5,0.4,0.4,0.6,3.7,2.9,0.6,0.6,0.8
Jonathan Kuminga,2TM,2025-26 Stats,12.2,5.6,2.3,0.6,0.3,12.8,4.7,2.3,0.7,0.3
Jonathan Kuminga,GSW,2025-26 Stats,12.1,5.9,2.5,0.4,0.3,12.5,5.2,2.6,0.6,0.3
Jonathan Mogbo,TOR,2025-26 Stats,1.5,1.7,0.6,0.3,0.2,3.5,2.1,1.1,0.4,0.3
Jordan Clarkson,NYK,2025-26 Stats,8.6,1.8,1.3,0.4,0.1,8.5,2.8,2.2,0.4,0.1
Jordan Goodwin,PHO,2025-26 Stats,8.7,4.9,2.2,1.5,0.2,6.3,4.0,2.0,1.2,0.3
Jordan Hawkins,NOP,2025-26 Stats,5.1,1.7,0.8,0.3,0.2,6.0,2.2,1.1,0.4,0.2
Jordan McLaughlin,SAS,2025-26 Stats,2.0,0.7,0.9,0.5,0.0,3.0,1.1,1.0,0.4,0.1
Jordan Miller,LAC,2025-26 Stats,10.0,3.0,2.3,0.8,0.2,7.5,2.9,2.0,0.7,0.2
Jordan Poole,NOP,2025-26 Stats,13.4,2.0,3.1,0.6,0.4,13.1,2.0,3.3,0.6,0.4
Jordan Walsh,BOS,2025-26 Stats,5.4,4.0,0.8,0.7,0.5,9.4,4.5,1.3,0.8,0.5
Jose Alvarado,2TM,2025-26 Stats,7.4,2.5,3.4,1.0,0.1,6.4,2.2,3.3,1.0,0.2
Jose Alvarado,NOP,2025-26 Stats,7.9,2.8,3.1,0.9,0.1,6.5,2.4,3.7,1.0,0.2
Jose Alvarado,NYK,2025-26 Stats,6.6,2.0,3.8,1.0,0.1,5.7,1.9,3.1,0.8,0.1
Josh Giddey,CHI,2025-26 Stats,17.0,8.3,9.1,1.0,0.5,17.6,7.1,7.6,1.0,0.5
Josh Green,CHO,2025-26 Stats,4.3,1.8,0.8,0.6,0.1,4.8,2.5,1.2,0.7,0.1
Josh Hart,NYK,2025-26 Stats,12.0,7.4,4.8,1.1,0.3,11.3,6.4,4.7,0.9,0.4
Josh Minott,2TM,2025-26 Stats,7.4,3.2,0.9,0.9,0.5,8.3,3.9,0.8,0.8,0.5
Josh Minott,BOS,2025-26 Stats,5.8,3.6,1.0,0.7,0.4,6.9,3.1,1.0,0.7,0.4
Josh Okogie,HOU,2025-26 Stats,4.5,2.6,0.9,0.8,0.2,4.2,2.8,0.7,0.7,0.3
Jrue Holiday,POR,2025-26 Stats,16.3,4.6,6.1,1.0,0.1,14.0,3.9,5.8,1.0,0.3
Julian Champagnie,SAS,2025-26 Stats,11.1,5.8,1.5,0.8,0.5,10.7,5.3,1.5,0.7,0.4
Julian Phillips,2TM,2025-26 Stats,2.9,1.0,0.2,0.5,0.1,4.6,1.4,0.6,0.5,0.2
Julian Phillips,CHI,2025-26 Stats,2.8,1.3,0.2,0.5,0.2,4.5,1.5,0.6,0.5,0.2
Julian Strawther,DEN,2025-26 Stats,7.2,2.0,1.1,0.4,0.1,7.4,1.9,1.2,0.4,0.1
Julius Randle,MIN,2025-26 Stats,21.1,6.7,5.0,1.1,0.2,18.2,6.2,4.6,0.8,0.3
Justin Champagnie,WAS,2025-26 Stats,8.7,5.6,1.2,0.9,0.6,8.7,5.7,1.2,0.9,0.5
Justin Edwards,PHI,2025-26 Stats,6.0,1.5,1.3,0.8,0.2,7.0,1.8,1.3,0.8,0.2
Jusuf Nurkić,UTA,2025-26 Stats,10.9,10.4,4.8,1.3,0.5,7.8,7.7,3.4,0.8,0.6
KJ Simpson,2TM,2025-26 Stats,4.6,1.9,2.2,0.8,0.0,5.4,2.2,2.7,0.7,0.1
Kam Jones,IND,2025-26 Stats,4.4,1.6,3.2,0.5,0.0,5.1,2.0,2.8,0.5,0.1
Karl-Anthony Towns,NYK,2025-26 Stats,20.1,11.9,3.0,0.9,0.5,19.9,11.4,3.1,0.8,0.6
Karlo Matković,NOP,2025-26 Stats,5.7,3.7,0.8,0.4,0.9,6.2,3.6,1.0,0.5,0.8
Kasparas Jakučionis,MIA,2025-26 Stats,6.2,2.6,2.6,0.6,0.1,8.4,3.0,2.9,0.7,0.2
Kawhi Leonard,LAC,2025-26 Stats,27.9,6.4,3.6,1.9,0.4,24.5,5.4,3.0,1.3,0.5
Keaton Wallace,ATL,2025-26 Stats,3.5,1.1,1.8,0.5,0.1,3.7,1.3,1.9,0.5,0.2
Keegan Murray,SAC,2025-26 Stats,14.0,5.7,1.7,1.0,1.6,13.2,5.7,1.5,0.9,1.3
Kel'el Ware,MIA,2025-26 Stats,11.1,9.0,0.7,0.8,1.1,11.4,8.5,0.9,0.8,0.8
Keldon Johnson,SAS,2025-26 Stats,13.2,5.4,1.4,0.6,0.1,11.4,4.7,1.5,0.6,0.2
Kelly Olynyk,SAS,2025-26 Stats,3.2,1.8,1.2,0.4,0.1,3.8,2.4,1.8,0.4,0.2
Kelly Oubre Jr.,PHI,2025-26 Stats,14.1,5.0,1.6,1.4,0.5,11.8,4.7,1.4,1.2,0.5
Kenrich Williams,OKC,2025-26 Stats,6.5,3.3,1.4,0.6,0.1,5.7,3.1,1.4,0.6,0.1
Kentavious Caldwell-Pope,MEM,2025-26 Stats,8.4,2.5,2.7,0.8,0.2,7.6,2.0,1.9,0.9,0.3
Keon Ellis,2TM,2025-26 Stats,6.7,1.9,1.0,1.2,0.6,7.1,1.9,1.2,1.2,0.6
Keon Ellis,SAC,2025-26 Stats,5.6,1.3,0.6,1.1,0.5,6.0,1.7,0.8,1.3,0.5
Keon Ellis,CLE,2025-26 Stats,8.3,2.8,1.6,1.3,0.8,7.4,2.6,1.6,1.2,0.6
Keshad Johnson,MIA,2025-26 Stats,4.3,1.9,0.3,0.5,0.3,5.4,2.6,0.7,0.5,0.3
Kevin Durant,HOU,2025-26 Stats,26.0,5.5,4.8,0.8,0.9,24.6,5.0,4.6,0.9,1.0
Kevin Huerter,2TM,2025-26 Stats,10.0,3.5,2.6,0.9,0.5,9.2,2.8,2.9,0.8,0.4
Kevin Huerter,CHI,2025-26 Stats,10.9,3.8,2.6,0.8,0.6,9.2,3.6,2.4,0.8,0.4
Kevin Huerter,DET,2025-26 Stats,8.6,2.8,2.5,1.1,0.3,8.4,2.7,2.4,0.8,0.3
Kevin Love,UTA,2025-26 Stats,6.7,5.8,1.8,0.4,0.2,5.8,4.3,1.5,0.4,0.2
Kevin McCullar Jr.,NYK,2025-26 Stats,2.4,1.3,1.0,0.4,0.0,4.2,1.9,1.2,0.5,0.1
Kevin Porter Jr.,MIL,2025-26 Stats,17.4,5.2,7.4,2.2,0.5,16.2,4.0,6.3,1.4,0.5
Kevon Looney,NOP,2025-26 Stats,2.8,5.6,1.6,0.4,0.5,3.4,5.3,1.4,0.5,0.4
Keyonte George,UTA,2025-26 Stats,23.6,3.7,6.1,1.1,0.3,23.6,3.8,5.4,1.0,0.2
Khaman Maluach,PHO,2025-26 Stats,3.0,2.9,0.1,0.1,0.7,5.2,4.5,0.8,0.3,0.9
Khris Middleton,2TM,2025-26 Stats,10.2,3.7,2.8,0.7,0.1,9.6,3.4,3.1,0.6,0.2
Khris Middleton,WAS,2025-26 Stats,10.3,3.9,3.3,0.8,0.3,8.1,3.4,2.8,0.5,0.2
Khris Middleton,DAL,2025-26 Stats,10.0,3.3,2.2,0.5,0.0,8.2,3.0,2.5,0.4,0.1
Killian Hayes,SAC,2025-26 Stats,5.5,2.3,3.5,0.9,0.2,6.4,2.3,3.8,1.0,0.2
Klay Thompson,DAL,2025-26 Stats,11.7,2.1,1.4,0.5,0.3,8.3,2.1,1.2,0.4,0.3
Kobe Brown,2TM,2025-26 Stats,5.8,3.0,1.3,0.4,0.2,7.3,3.3,1.3,0.4,0.2
Kobe Brown,LAC,2025-26 Stats,2.9,1.6,0.8,0.3,0.1,3.9,1.9,1.0,0.3,0.1
Kobe Brown,IND,2025-26 Stats,9.4,4.9,2.0,0.5,0.4,5.8,3.2,1.5,0.3,0.4
Kobe Sanders,LAC,2025-26 Stats,7.3,2.3,1.6,0.7,0.1,7.8,2.4,1.5,0.7,0.2
Kon Knueppel,CHO,2025-26 Stats,18.5,5.3,3.4,0.7,0.2,21.2,5.0,4.2,0.8,0.3
Kris Dunn,LAC,2025-26 Stats,7.3,3.3,3.6,1.6,0.2,5.5,3.1,3.1,1.3,0.3
Kris Murray,POR,2025-26 Stats,5.8,3.6,1.4,0.9,0.4,6.9,2.9,1.2,0.7,0.3
Kristaps Porziņģis,2TM,2025-26 Stats,16.7,5.2,2.5,0.6,1.2,13.9,5.1,1.9,0.5,1.2
Kyle Anderson,3TM,2025-26 Stats,6.2,3.5,2.9,1.0,0.6,5.7,3.1,2.2,0.6,0.4
Kyle Anderson,UTA,2025-26 Stats,7.1,3.3,3.1,1.2,0.5,5.3,3.0,2.4,0.8,0.4
Kyle Filipowski,UTA,2025-26 Stats,11.4,7.2,2.6,0.9,0.5,11.0,6.5,2.5,0.8,0.4
Kyle Kuzma,MIL,2025-26 Stats,13.0,4.5,2.7,0.7,0.4,11.8,4.5,2.2,0.5,0.4
Kyshawn George,WAS,2025-26 Stats,14.8,5.1,4.5,1.0,0.9,14.6,4.6,4.2,0.9,0.8
LaMelo Ball,CHO,2025-26 Stats,20.1,4.8,7.1,1.2,0.2,20.2,4.6,6.7,1.3,0.3
Lachlan Olbrich,CHI,2025-26 Stats,2.4,3.0,1.1,0.3,0.2,4.4,3.7,1.3,0.4,0.3
Landry Shamet,NYK,2025-26 Stats,9.3,1.8,1.4,0.6,0.2,6.4,1.4,1.2,0.5,0.1
Larry Nance Jr.,CLE,2025-26 Stats,3.7,2.7,1.0,0.6,0.2,4.0,3.2,1.2,0.5,0.2
Lauri Markkanen,UTA,2025-26 Stats,26.7,6.9,2.1,1.0,0.5,23.3,6.2,1.6,0.8,0.5
LeBron James,LAL,2025-26 Stats,20.9,6.1,7.2,1.2,0.6,19.1,5.9,7.3,0.9,0.5
Leonard Miller,2TM,2025-26 Stats,7.8,3.9,0.9,0.4,0.3,8.4,3.8,1.0,0.5,0.3
Leonard Miller,CHI,2025-26 Stats,11.7,5.8,1.3,0.5,0.6,10.3,5.5,1.2,0.5,0.4
Liam McNeeley,CHO,2025-26 Stats,4.3,2.4,0.8,0.2,0.1,5.6,3.2,1.1,0.4,0.3
Lindy Waters III,SAS,2025-26 Stats,2.4,0.7,0.5,0.2,0.0,4.0,1.4,0.8,0.4,0.2
Lonzo Ball,CLE,2025-26 Stats,4.6,4.0,3.9,1.3,0.3,6.6,3.8,3.8,1.3,0.4
Luguentz Dort,OKC,2025-26 Stats,8.3,3.6,1.2,0.9,0.4,8.7,3.5,1.5,0.9,0.4
Luka Dončić,LAL,2025-26 Stats,33.5,7.7,8.3,1.6,0.5,28.2,7.5,9.4,1.2,0.4
Luka Garza,BOS,2025-26 Stats,8.1,4.1,1.0,0.4,0.4,6.9,3.6,1.1,0.5,0.4
Luke Kennard,2TM,2025-26 Stats,8.4,2.3,2.2,0.7,0.1,7.5,2.3,2.9,0.6,0.1
Luke Kennard,ATL,2025-26 Stats,7.9,2.2,2.1,0.7,0.1,7.3,2.0,2.2,0.6,0.1
Luke Kennard,LAL,2025-26 Stats,9.0,2.6,2.4,0.7,0.1,7.7,2.2,2.0,0.6,0.1
Luke Kornet,SAS,2025-26 Stats,6.5,6.1,1.9,0.5,1.0,5.8,4.9,1.6,0.5,0.8
Malaki Branham,WAS,2025-26 Stats,4.6,1.6,0.8,0.4,0.1,5.5,1.9,1.0,0.4,0.1
Malevy Leons,GSW,2025-26 Stats,3.3,2.1,0.9,0.6,0.4,4.3,3.2,1.0,0.6,0.4
Malik Monk,SAC,2025-26 Stats,12.5,1.9,3.0,0.6,0.4,12.3,2.0,3.2,0.6,0.4
Marcus Sasser,DET,2025-26 Stats,5.2,1.0,2.0,0.5,0.1,6.5,1.4,2.3,0.6,0.1
Marcus Smart,LAL,2025-26 Stats,9.3,2.8,3.0,1.4,0.4,7.8,2.3,3.6,0.9,0.4
Mark Williams,PHO,2025-26 Stats,11.7,8.0,1.0,0.9,0.9,11.8,7.0,1.3,0.8,0.8
Marvin Bagley III,2TM,2025-26 Stats,10.5,6.1,1.4,0.5,0.7,6.1,6.1,1.1,0.4,0.6
Marvin Bagley III,WAS,2025-26 Stats,10.1,5.7,1.5,0.5,0.7,7.9,5.3,1.2,0.5,0.7
Marvin Bagley III,DAL,2025-26 Stats,11.0,6.8,1.3,0.4,0.7,8.5,6.3,1.4,0.4,0.6
Mason Plumlee,2TM,2025-26 Stats,1.6,2.7,1.0,0.5,0.0,3.1,3.4,1.2,0.3,0.2
Matas Buzelis,CHI,2025-26 Stats,16.3,5.8,2.1,0.7,1.5,18.2,5.6,2.7,0.7,1.2
Matisse Thybulle,POR,2025-26 Stats,5.8,2.0,0.9,2.0,0.5,5.6,1.9,1.0,1.3,0.5
Max Christie,DAL,2025-26 Stats,12.3,3.2,2.0,0.6,0.4,12.3,3.3,2.1,0.8,0.4
Maxi Kleber,LAL,2025-26 Stats,2.0,2.0,0.6,0.4,0.3,3.1,2.2,0.8,0.3,0.4
Maxime Raynaud,SAC,2025-26 Stats,12.5,7.5,1.4,0.5,0.5,12.1,7.0,1.5,0.5,0.5
Micah Peavy,NOP,2025-26 Stats,4.3,1.9,1.0,0.7,0.1,5.1,2.3,1.1,0.7,0.2
Micah Potter,IND,2025-26 Stats,9.7,5.0,1.5,0.5,0.3,8.7,4.6,1.1,0.5,0.3
Michael Porter Jr.,BRK,2025-26 Stats,24.2,7.1,3.0,1.1,0.3,20.9,7.0,2.9,0.9,0.4
Mikal Bridges,NYK,2025-26 Stats,14.4,3.8,3.7,1.3,0.8,12.9,3.5,3.6,0.9,0.6
Mike Conley,MIN,2025-26 Stats,4.5,1.7,2.9,0.6,0.3,4.8,1.6,3.1,0.6,0.2
Miles Bridges,CHO,2025-26 Stats,17.1,5.8,3.2,0.6,0.4,18.0,5.8,3.2,0.7,0.5
Miles McBride,NYK,2025-26 Stats,12.0,2.4,2.6,0.9,0.2,9.6,2.3,2.7,0.9,0.2
Mitchell Robinson,NYK,2025-26 Stats,5.7,8.8,0.9,0.9,1.2,5.4,7.6,0.8,0.9,1.1
Mohamed Diawara,NYK,2025-26 Stats,3.6,1.4,0.8,0.2,0.1,5.4,2.7,1.1,0.4,0.3
Moritz Wagner,ORL,2025-26 Stats,6.9,3.2,0.8,0.4,0.1,7.6,3.4,1.0,0.4,0.2
Moses Moody,GSW,2025-26 Stats,12.1,3.3,1.6,1.0,0.6,10.1,2.9,1.5,0.8,0.5
Mouhamed Gueye,ATL,2025-26 Stats,4.4,3.6,0.9,0.8,0.5,5.5,3.3,0.8,0.7,0.6
Moussa Cisse,DAL,2025-26 Stats,4.5,5.7,0.2,0.5,1.2,5.3,6.4,0.7,0.5,1.1
Moussa Diabaté,CHO,2025-26 Stats,7.9,8.7,1.9,0.8,1.0,8.0,8.0,1.8,0.7,0.7
Myles Turner,MIL,2025-26 Stats,11.9,5.3,1.5,0.7,1.6,10.4,5.0,1.3,0.7,2.0
Myron Gardner,MIA,2025-26 Stats,3.6,2.7,1.0,0.4,0.2,5.0,3.5,1.2,0.4,0.2
Nae'Qwan Tomlin,CLE,2025-26 Stats,5.8,2.9,0.8,0.6,0.5,7.3,3.2,1.0,0.6,0.5
Naji Marshall,DAL,2025-26 Stats,15.2,4.7,3.3,1.1,0.1,13.3,4.3,3.3,1.0,0.2
Naz Reid,MIN,2025-26 Stats,13.6,6.2,2.2,1.0,1.0,13.2,5.1,2.2,0.8,0.8
Neemias Queta,BOS,2025-26 Stats,10.2,8.4,1.7,0.8,1.3,6.8,6.9,1.3,0.6,1.0
Nic Claxton,BRK,2025-26 Stats,11.7,6.9,3.7,0.7,1.1,9.5,7.4,2.7,0.7,1.5
Nick Richards,2TM,2025-26 Stats,5.8,5.1,0.3,0.2,0.7,5.9,5.6,0.6,0.3,0.7
Nick Richards,PHO,2025-26 Stats,3.2,3.3,0.3,0.1,0.5,4.3,4.0,0.6,0.2,0.6
Nick Richards,CHI,2025-26 Stats,9.4,7.6,0.4,0.3,0.9,4.8,4.0,0.3,0.1,0.7
Nick Smith Jr.,LAL,2025-26 Stats,6.2,0.8,1.0,0.3,0.1,7.5,1.9,1.5,0.4,0.1
Nickeil Alexander-Walker,ATL,2025-26 Stats,20.8,3.4,3.7,1.3,0.5,18.1,3.0,3.6,0.9,0.4
Nicolas Batum,LAC,2025-26 Stats,4.0,2.5,0.9,0.6,0.3,3.5,2.2,1.1,0.5,0.3
Nigel Hayes-Davis,PHO,2025-26 Stats,1.3,1.2,0.3,0.3,0.1,2.2,1.4,0.6,0.3,0.1
Nikola Jokić,DEN,2025-26 Stats,27.7,12.9,10.7,1.4,0.8,27.1,12.2,9.9,1.3,0.7
Nikola Jović,MIA,2025-26 Stats,7.3,3.3,2.2,0.6,0.4,7.2,2.9,2.4,0.6,0.3
Nikola Vučević,2TM,2025-26 Stats,15.1,8.4,3.3,0.6,0.6,13.7,7.7,2.8,0.5,0.6
Nikola Vučević,CHI,2025-26 Stats,16.9,9.0,3.8,0.7,0.6,13.9,8.5,2.8,0.5,0.6
Nique Clifford,SAC,2025-26 Stats,8.6,3.8,2.4,0.9,0.3,8.4,3.8,2.3,0.8,0.3
Noah Clowney,BRK,2025-26 Stats,12.3,4.1,1.6,0.8,0.7,11.9,4.1,1.6,0.7,0.6
Noah Penda,ORL,2025-26 Stats,3.8,3.2,1.2,0.5,0.3,5.3,4.1,1.5,0.6,0.3
Nolan Traoré,BRK,2025-26 Stats,8.9,1.8,3.8,0.8,0.4,9.2,2.2,4.1,0.7,0.4
Norman Powell,MIA,2025-26 Stats,21.7,3.5,2.5,1.1,0.2,19.1,2.7,2.1,0.9,0.2
OG Anunoby,NYK,2025-26 Stats,16.7,5.2,2.2,1.6,0.7,14.7,4.5,2.0,1.3,0.7
Obi Toppin,IND,2025-26 Stats,11.6,4.4,2.3,0.5,0.0,10.2,4.1,1.9,0.6,0.2
Ochai Agbaji,2TM,2025-26 Stats,5.1,2.3,0.8,0.4,0.3,5.8,2.6,1.1,0.5,0.3
Ochai Agbaji,TOR,2025-26 Stats,4.3,2.3,0.7,0.4,0.3,5.0,2.6,0.8,0.5,0.3
Ochai Agbaji,BRK,2025-26 Stats,6.7,2.3,0.9,0.4,0.3,6.4,2.6,0.8,0.5,0.3
Olivier-Maxence Prosper,MEM,2025-26 Stats,10.0,3.5,1.0,0.8,0.2,8.0,3.1,1.0,0.7,0.2
Onyeka Okongwu,ATL,2025-26 Stats,15.2,7.6,3.1,1.1,1.1,14.4,7.1,2.8,1.0,0.8
Oscar Tshiebwe,UTA,2025-26 Stats,7.8,6.6,1.2,0.6,0.2,8.0,6.7,1.3,0.6,0.2
Oso Ighodaro,PHO,2025-26 Stats,6.5,5.1,2.3,0.9,0.7,6.1,4.8,2.1,0.7,0.5
Ousmane Dieng,2TM,2025-26 Stats,7.6,3.2,2.4,0.4,0.3,5.4,2.8,2.1,0.5,0.3
Ousmane Dieng,OKC,2025-26 Stats,3.7,1.6,1.0,0.1,0.3,5.4,2.2,1.3,0.3,0.3
Ousmane Dieng,MIL,2025-26 Stats,11.0,4.6,3.6,0.8,0.3,5.8,3.0,3.1,0.6,0.4
P.J. Washington,DAL,2025-26 Stats,14.2,7.0,1.8,1.0,1.1,13.8,6.8,1.8,1.0,0.9
Pacôme Dadiet,NYK,2025-26 Stats,1.7,0.9,0.4,0.1,0.0,3.7,3.5,0.8,0.4,0.4
Paolo Banchero,ORL,2025-26 Stats,22.2,8.4,5.2,0.7,0.6,23.9,7.6,5.3,0.8,0.5
Pascal Siakam,IND,2025-26 Stats,24.0,6.6,3.8,1.1,0.4,21.8,6.1,3.1,0.7,0.4
Pat Connaughton,CHO,2025-26 Stats,2.6,1.5,0.4,0.3,0.0,3.4,1.6,0.8,0.2,0.1
Pat Spencer,GSW,2025-26 Stats,7.2,2.4,3.5,0.7,0.1,5.7,2.7,3.2,0.6,0.2
Patrick Williams,CHI,2025-26 Stats,7.0,3.0,1.5,0.7,0.4,6.8,2.9,1.4,0.7,0.5
Paul George,PHI,2025-26 Stats,17.3,5.3,3.6,1.7,0.4,14.7,4.7,3.3,1.5,0.4
Paul Reed,DET,2025-26 Stats,7.8,4.5,1.2,0.9,0.9,5.8,3.4,1.1,0.7,0.7
Payton Pritchard,BOS,2025-26 Stats,17.0,3.9,5.2,0.7,0.1,17.3,3.6,5.6,0.7,0.1
Pelle Larsson,MIA,2025-26 Stats,11.4,3.5,3.4,0.7,0.2,9.2,3.0,2.9,0.6,0.2
Pete Nance,MIL,2025-26 Stats,5.4,2.7,1.0,0.3,0.3,6.6,2.7,1.1,0.4,0.3
Peyton Watson,DEN,2025-26 Stats,14.6,4.9,2.1,0.9,1.1,13.6,4.2,2.2,0.7,1.0
Precious Achiuwa,SAC,2025-26 Stats,10.1,6.7,1.4,0.9,0.7,7.6,6.4,1.2,0.7,0.7
Quentin Grimes,PHI,2025-26 Stats,13.4,3.6,3.3,0.9,0.4,13.8,3.4,3.2,0.8,0.4
Quenton Jackson,IND,2025-26 Stats,9.1,2.3,2.9,0.6,0.1,7.6,2.2,2.4,0.6,0.2
Quinten Post,GSW,2025-26 Stats,7.7,4.0,1.4,0.4,0.5,7.8,3.8,1.4,0.5,0.4
RJ Barrett,TOR,2025-26 Stats,19.3,5.3,3.3,0.7,0.3,18.4,5.4,3.4,0.7,0.3
Rasheer Fleming,PHO,2025-26 Stats,4.3,2.3,0.3,0.4,0.4,5.3,3.5,0.8,0.5,0.4
Rayan Rupert,2TM,2025-26 Stats,5.2,2.9,1.1,0.9,0.1,6.0,2.9,1.2,0.8,0.2
Rayan Rupert,POR,2025-26 Stats,2.9,1.8,0.7,0.6,0.0,5.6,2.6,0.9,0.6,0.1
Reed Sheppard,HOU,2025-26 Stats,13.5,2.9,3.4,1.5,0.7,10.2,2.2,2.7,1.3,0.6
Rob Dillingham,2TM,2025-26 Stats,6.3,2.0,2.2,0.7,0.1,6.5,2.1,2.4,0.6,0.1
Rob Dillingham,MIN,2025-26 Stats,3.5,1.2,1.7,0.5,0.1,5.3,1.7,2.2,0.6,0.1
Rob Dillingham,CHI,2025-26 Stats,9.6,3.0,2.8,0.9,0.1,7.2,2.4,2.5,0.7,0.2
Robert Williams,POR,2025-26 Stats,6.7,7.0,1.0,0.6,1.5,4.7,7.2,1.1,0.6,1.7
Ron Harper Jr.,BOS,2025-26 Stats,4.2,1.7,0.8,0.3,0.3,5.0,2.1,1.0,0.4,0.3
Ron Holland,DET,2025-26 Stats,8.2,4.0,1.2,1.2,0.3,7.8,3.9,1.2,1.1,0.3
Royce O'Neale,PHO,2025-26 Stats,9.8,4.8,2.7,1.1,0.4,7.3,4.1,2.3,0.7,0.4
Rudy Gobert,MIN,2025-26 Stats,10.9,11.5,1.7,0.8,1.6,9.5,9.7,1.2,0.7,1.6
Rui Hachimura,LAL,2025-26 Stats,11.5,3.3,0.8,0.6,0.3,10.8,3.1,1.3,0.6,0.3
Russell Westbrook,SAC,2025-26 Stats,15.2,5.4,6.7,1.3,0.2,12.1,4.0,5.7,1.1,0.3
Ryan Dunn,PHO,2025-26 Stats,5.8,4.2,1.5,0.9,0.4,6.4,3.7,1.3,0.8,0.4
Ryan Kalkbrenner,CHO,2025-26 Stats,7.6,5.5,0.8,0.5,1.5,6.5,5.3,1.1,0.5,1.7
Ryan Nembhard,DAL,2025-26 Stats,6.6,2.2,5.3,0.4,0.0,6.5,2.1,5.0,0.5,0.1
Ryan Rollins,MIL,2025-26 Stats,17.3,4.6,5.6,1.5,0.4,16.9,3.7,5.2,1.3,0.6
Saddiq Bey,NOP,2025-26 Stats,17.7,5.6,2.5,0.9,0.1,16.7,5.5,2.5,0.8,0.2
Sam Hauser,BOS,2025-26 Stats,9.2,3.8,1.5,0.5,0.3,6.9,3.3,1.1,0.5,0.3
Sam Merrill,CLE,2025-26 Stats,12.8,2.6,2.4,0.6,0.1,9.0,2.1,2.1,0.6,0.2
Sandro Mamukelashvili,TOR,2025-26 Stats,11.2,4.9,1.9,0.8,0.5,8.8,4.3,1.8,0.6,0.5
Santi Aldama,MEM,2025-26 Stats,14.0,6.7,2.9,0.9,0.7,11.8,5.5,2.8,0.8,0.7
Scoot Henderson,POR,2025-26 Stats,14.2,2.7,3.7,0.9,0.3,15.2,2.9,3.9,0.9,0.2
Scottie Barnes,TOR,2025-26 Stats,18.1,7.5,5.9,1.4,1.5,18.9,7.4,5.4,1.3,1.3
Shaedon Sharpe,POR,2025-26 Stats,20.8,4.3,2.6,1.4,0.1,19.7,4.2,2.8,1.1,0.2
Shai Gilgeous-Alexander,OKC,2025-26 Stats,31.1,4.3,6.6,1.4,0.8,28.6,4.3,6.0,1.2,0.8
Sharife Cooper,WAS,2025-26 Stats,8.1,2.1,3.0,0.4,0.1,8.6,2.1,2.7,0.5,0.2
Sidy Cissoko,POR,2025-26 Stats,5.1,2.2,1.5,0.7,0.3,5.1,2.1,1.4,0.6,0.3
Simone Fontecchio,MIA,2025-26 Stats,8.5,3.0,1.4,0.5,0.1,6.7,2.8,1.1,0.4,0.2
Sion James,CHO,2025-26 Stats,5.4,3.5,2.0,0.6,0.2,6.5,3.3,1.9,0.6,0.2
Spencer Jones,DEN,2025-26 Stats,5.5,3.3,0.8,0.8,0.5,6.4,2.3,0.6,0.5,0.5
Stephen Curry,GSW,2025-26 Stats,26.6,3.6,4.7,1.1,0.4,22.5,3.3,4.8,1.0,0.4
Stephon Castle,SAS,2025-26 Stats,16.7,5.3,7.4,1.1,0.3,16.8,4.9,6.4,1.0,0.3
Steven Adams,HOU,2025-26 Stats,5.8,8.6,1.5,0.7,0.6,5.9,6.2,1.1,0.5,0.5
Svi Mykhailiuk,UTA,2025-26 Stats,9.4,2.5,1.9,0.5,0.1,8.3,2.4,1.9,0.4,0.2
T.J. McConnell,IND,2025-26 Stats,9.4,2.2,5.1,1.0,0.2,8.1,2.0,4.4,1.0,0.2
Taelon Peter,IND,2025-26 Stats,4.5,1.6,1.1,0.7,0.1,5.0,2.1,1.4,0.7,0.2
Tari Eason,HOU,2025-26 Stats,10.5,6.3,1.5,1.2,0.5,10.2,5.7,1.5,1.2,0.6
Taurean Prince,MIL,2025-26 Stats,9.2,3.1,1.8,0.6,0.2,7.7,2.9,1.4,0.5,0.2
Taylor Hendricks,2TM,2025-26 Stats,7.4,3.7,0.9,0.8,0.5,7.4,3.7,0.9,0.7,0.5
Taylor Hendricks,UTA,2025-26 Stats,4.9,3.0,0.7,0.4,0.2,6.6,3.3,0.8,0.5,0.4
Taylor Hendricks,MEM,2025-26 Stats,10.6,4.7,1.2,1.4,0.8,9.2,4.0,1.3,1.2,0.6
Terance Mann,BRK,2025-26 Stats,7.2,3.2,3.0,0.7,0.2,6.5,2.9,2.3,0.5,0.2
Terrence Shannon Jr.,MIN,2025-26 Stats,5.6,1.1,0.9,0.3,0.0,7.0,1.6,1.0,0.3,0.2
Thanasis Antetokounmpo,MIL,2025-26 Stats,1.4,0.9,0.4,0.4,0.2,2.4,1.3,0.6,0.3,0.5
Thomas Bryant,CLE,2025-26 Stats,6.2,3.4,0.6,0.3,0.4,7.0,3.5,0.7,0.4,0.4
Tidjane Salaün,CHO,2025-26 Stats,6.0,4.0,0.7,0.4,0.2,8.3,4.5,1.2,0.5,0.2
Tim Hardaway Jr.,DEN,2025-26 Stats,13.5,2.6,1.4,0.5,0.1,9.6,2.3,1.3,0.5,0.1
Tobias Harris,DET,2025-26 Stats,13.3,5.1,2.5,0.9,0.4,12.0,5.0,1.8,0.8,0.5
Tony Bradley,2TM,2025-26 Stats,4.0,2.8,0.5,0.1,0.2,3.6,3.4,0.6,0.3,0.4
Tony Bradley,IND,2025-26 Stats,4.0,2.8,0.5,0.2,0.2,4.0,3.4,0.6,0.3,0.3
Toumani Camara,POR,2025-26 Stats,13.4,5.1,2.5,1.1,0.4,11.5,5.0,2.3,1.1,0.4
Trayce Jackson-Davis,2TM,2025-26 Stats,3.4,2.7,0.7,0.3,0.5,4.3,3.7,1.1,0.3,0.6
Trayce Jackson-Davis,GSW,2025-26 Stats,4.2,3.1,0.9,0.4,0.5,4.5,3.7,0.8,0.3,0.6
Tre Johnson,WAS,2025-26 Stats,12.2,2.8,2.0,0.6,0.3,14.4,2.8,2.5,0.6,0.3
Tre Jones,CHI,2025-26 Stats,14.1,3.1,5.4,1.2,0.2,8.5,2.8,5.3,0.9,0.2
Tre Mann,CHO,2025-26 Stats,5.5,1.7,1.6,0.5,0.1,6.6,2.4,2.7,0.6,0.1
Trendon Watford,PHI,2025-26 Stats,6.5,3.3,2.5,0.3,0.4,6.7,3.2,2.4,0.4,0.3
Trey Murphy III,NOP,2025-26 Stats,21.5,5.7,3.8,1.5,0.4,20.5,5.3,3.6,1.3,0.5
Tristan Da Silva,ORL,2025-26 Stats,9.9,3.7,1.6,0.9,0.3,10.5,3.5,1.6,0.8,0.2
Tristan Vukcevic,WAS,2025-26 Stats,9.0,3.0,1.1,0.5,0.7,9.5,3.2,1.3,0.4,0.8
Tyler Herro,MIA,2025-26 Stats,20.5,4.8,4.1,0.7,0.4,19.8,4.5,4.0,0.7,0.4
Tyler Kolek,NYK,2025-26 Stats,4.4,1.6,2.7,0.4,0.1,4.7,2.1,2.9,0.4,0.2
Tyrese Martin,2TM,2025-26 Stats,6.3,2.5,1.7,0.5,0.1,6.4,2.6,1.6,0.5,0.1
Tyrese Martin,BRK,2025-26 Stats,7.3,2.9,1.9,0.6,0.1,5.8,2.9,1.9,0.6,0.1
Tyrese Maxey,PHI,2025-26 Stats,28.3,4.1,6.6,1.9,0.8,26.6,3.9,6.3,1.4,0.6
Tyrese Proctor,CLE,2025-26 Stats,5.4,1.3,1.5,0.5,0.0,8.0,2.1,1.8,0.5,0.1
Tyson Etienne,BRK,2025-26 Stats,7.9,1.1,1.7,0.5,0.0,8.5,1.6,1.6,0.5,0.1
Tyus Jones,3TM,2025-26 Stats,3.0,1.1,2.4,0.6,0.0,4.6,1.6,4.0,0.6,0.1
Tyus Jones,ORL,2025-26 Stats,3.0,1.1,2.4,0.7,0.1,3.9,1.6,3.4,0.5,0.1
VJ Edgecombe,PHI,2025-26 Stats,16.0,5.6,4.2,1.4,0.5,19.0,5.3,4.8,1.2,0.5
Victor Wembanyama,SAS,2025-26 Stats,25.0,11.5,3.1,1.0,3.1,25.0,10.3,3.6,1.0,2.1
Vince Williams Jr.,2TM,2025-26 Stats,7.5,3.9,4.2,0.7,0.4,6.3,3.7,3.2,0.6,0.4
Vince Williams Jr.,MEM,2025-26 Stats,8.0,4.0,4.4,0.8,0.4,7.2,3.8,4.1,0.7,0.4
Vít Krejčí,2TM,2025-26 Stats,8.5,2.3,1.5,0.7,0.3,7.5,2.3,1.5,0.6,0.3
Vít Krejčí,ATL,2025-26 Stats,9.0,2.1,1.5,0.8,0.3,8.7,2.0,1.5,0.7,0.3
Walter Clayton,2TM,2025-26 Stats,7.8,2.0,4.0,0.6,0.3,8.1,2.1,3.3,0.6,0.3
Walter Clayton,UTA,2025-26 Stats,6.8,2.0,3.2,0.5,0.3,7.1,2.2,3.6,0.6,0.3
Walter Clayton,MEM,2025-26 Stats,9.7,2.1,5.7,0.8,0.3,7.5,2.1,4.3,0.7,0.3
Wendell Carter Jr.,ORL,2025-26 Stats,11.8,7.4,2.0,0.8,0.6,10.0,6.8,1.9,0.7,0.5
Will Richard,GSW,2025-26 Stats,6.4,2.5,1.3,1.2,0.1,7.4,2.9,1.4,1.1,0.2
Will Riley,WAS,2025-26 Stats,10.3,2.9,2.0,0.7,0.1,11.0,3.2,2.3,0.7,0.2
Xavier Tillman Sr.,2TM,2025-26 Stats,1.5,1.4,0.4,0.3,0.2,1.9,2.1,0.6,0.4,0.3
Yang Hansen,POR,2025-26 Stats,2.2,1.5,0.5,0.1,0.2,4.3,2.9,0.9,0.4,0.4
Yanic Konan Niederhäuser,LAC,2025-26 Stats,4.3,2.9,0.3,0.1,0.7,4.7,3.7,0.7,0.3,0.8
Yves Missi,NOP,2025-26 Stats,5.7,5.8,1.3,0.3,1.5,7.0,5.4,1.5,0.4,1.5
Zaccharie Risacher,ATL,2025-26 Stats,9.6,3.8,1.1,0.9,0.5,11.4,3.8,1.4,0.8,0.5
Zach LaVine,SAC,2025-26 Stats,19.2,2.8,2.3,0.7,0.3,17.0,2.9,3.1,0.6,0.3
Zeke Nnaji,DEN,2025-26 Stats,3.7,2.6,0.6,0.3,0.5,4.8,2.7,0.6,0.4,0.6
Ziaire Williams,BRK,2025-26 Stats,10.2,2.4,1.1,1.4,0.4,9.7,2.6,1.3,1.1,0.4
Zion Williamson,NOP,2025-26 Stats,21.0,5.7,3.2,1.0,0.5,21.1,6.1,3.5,1.1,0.6
